"zcta","lon","lat"
90001,-118.249509,33.974027
90002,-118.246737,33.949099
90003,-118.272783,33.964131
90004,-118.310722,34.076198
90005,-118.306892,34.059163
90006,-118.294177,34.048041
90007,-118.284828,34.028133
90008,-118.346724,34.009552
90045,-118.417488,33.942108
90010,-118.315889,34.062148
90011,-118.258681,34.00709
90012,-118.238728,34.065875
90013,-118.240454,34.045405
90014,-118.251746,34.043146
90015,-118.266299,34.039378
90016,-118.354338,34.028331
90017,-118.26434,34.052913
90018,-118.317183,34.028887
90019,-118.33846,34.049841
90020,-118.30987,34.066379
90021,-118.23787,34.029036
90022,-118.156275,34.023728
90023,-118.199613,34.022502
90024,-118.434999,34.065729
90025,-118.445818,34.04536
90026,-118.262643,34.080017
90027,-118.295647,34.127194
90028,-118.326912,34.099912
90029,-118.294661,34.089848
90031,-118.206617,34.085807
90032,-118.185497,34.078195
90033,-118.211991,34.05038
90034,-118.399613,34.030578
90035,-118.383674,34.051809
90036,-118.350411,34.07041
90037,-118.287487,34.002723
90038,-118.325527,34.088475
90039,-118.260552,34.111525
90040,-118.149953,33.994524
90041,-118.207607,34.137412
90042,-118.192098,34.114708
90043,-118.336358,33.988505
90044,-118.291904,33.952724
90046,-118.362081,34.108455
90047,-118.308428,33.953617
90048,-118.37271,34.072924
90049,-118.491244,34.091829
90056,-118.370361,33.988047
90057,-118.276757,34.061735
90058,-118.2164,34.002844
90059,-118.249883,33.926262
90061,-118.274186,33.92128
90062,-118.308806,34.003638
90063,-118.185914,34.045105
90064,-118.423573,34.037251
90065,-118.225496,34.112272
90066,-118.430656,34.002028
90067,-118.413998,34.057597
90068,-118.330989,34.129772
90069,-118.381697,34.093828
90071,-118.254943,34.052876
90073,-118.45703,34.054533
90077,-118.457081,34.108537
90079,-118.255404,34.040587
90089,-118.286035,34.020221
90090,-118.240989,34.072862
90094,-118.416989,33.975416
90095,-118.443545,34.071312
90201,-118.171368,33.970343
90210,-118.415972,34.10263
90211,-118.382979,34.064958
90212,-118.401966,34.06221
90220,-118.234451,33.88151
90221,-118.205918,33.885624
90222,-118.236773,33.912246
90230,-118.394059,33.998213
90232,-118.391902,34.019323
90241,-118.128628,33.940884
90240,-118.118346,33.955729
90242,-118.140588,33.921793
90245,-118.404267,33.91714
90247,-118.297967,33.890853
90248,-118.284077,33.876482
90249,-118.315697,33.90139
90250,-118.348083,33.914775
90254,-118.399303,33.864259
90255,-118.217141,33.97803
90260,-118.351813,33.88856
90262,-118.200705,33.923533
90263,-118.707992,34.039034
90265,-118.846342,34.066117
90266,-118.402127,33.889151
90270,-118.186597,33.987729
90272,-118.544232,34.08746
90274,-118.372454,33.780065
90275,-118.367459,33.753146
90277,-118.387124,33.830006
90278,-118.370359,33.873214
90280,-118.192761,33.944159
90290,-118.615981,34.107728
90291,-118.465193,33.993396
90292,-118.457852,33.979007
90293,-118.439841,33.947305
90301,-118.358653,33.956526
90302,-118.355252,33.975332
90303,-118.331085,33.939766
90304,-118.358559,33.937887
90305,-118.330548,33.95889
90401,-118.49375,34.013666
90402,-118.504039,34.034666
90403,-118.492101,34.030755
90404,-118.473643,34.026608
90405,-118.46963,34.011167
90501,-118.314022,33.833744
90502,-118.292062,33.833181
90503,-118.353714,33.840399
90504,-118.330794,33.867257
90505,-118.347957,33.807882
90506,-118.329998,33.884696
90601,-118.030271,34.00784
90602,-118.022557,33.972232
90603,-117.992066,33.945318
90604,-118.01208,33.929704
90605,-118.024352,33.950295
90606,-118.066363,33.977272
90620,-118.012225,33.846302
90621,-117.993368,33.874224
90623,-118.039892,33.850504
90630,-118.038307,33.818477
90631,-117.952483,33.942708
92821,-117.887086,33.927561
90638,-118.008961,33.902045
90640,-118.111012,34.015444
90650,-118.08264,33.906956
90660,-118.089299,33.989524
90670,-118.062611,33.933565
90680,-117.994901,33.801178
90701,-118.080612,33.8676
90703,-118.069208,33.868049
90704,-118.441282,33.397729
90706,-118.12725,33.887821
90710,-118.298661,33.799904
90712,-118.147902,33.849034
90713,-118.112601,33.847989
90715,-118.079141,33.841027
90716,-118.072639,33.830457
90717,-118.31717,33.793809
90720,-118.062692,33.795012
90723,-118.166629,33.898883
90731,-118.278869,33.731442
90732,-118.312878,33.74212
90740,-118.075043,33.758405
90742,-118.076906,33.716666
90743,-118.090327,33.726516
90744,-118.261723,33.779284
90745,-118.264112,33.821605
90746,-118.252272,33.859171
90747,-118.251318,33.8629
90755,-118.168135,33.803448
90802,-118.208042,33.745762
90803,-118.130636,33.756289
90804,-118.148365,33.781686
90805,-118.180567,33.864617
90806,-118.188596,33.80564
90807,-118.17482,33.82774
90808,-118.111335,33.823943
90815,-118.116391,33.794348
90810,-118.222416,33.819814
90813,-118.196793,33.782259
90814,-118.143631,33.771616
90822,-118.118648,33.778436
90831,-118.201639,33.768338
91001,-118.137227,34.195275
91006,-118.026704,34.136258
91007,-118.047732,34.128284
91008,-117.968818,34.153159
91010,-117.957627,34.141586
91011,-118.205369,34.222261
91016,-118.000482,34.1528
91020,-118.230652,34.211341
91024,-118.050216,34.168771
91030,-118.156615,34.108957
91040,-118.336078,34.261962
91042,-118.237917,34.32222
91046,-118.241036,34.211452
91101,-118.139456,34.146671
91103,-118.164941,34.169538
91104,-118.123752,34.165383
91105,-118.166649,34.13946
91106,-118.128658,34.139402
91107,-118.085873,34.156397
91108,-118.112911,34.122671
91801,-118.127527,34.090728
91201,-118.289463,34.17051
91202,-118.267539,34.167926
91203,-118.262974,34.153338
91204,-118.260934,34.136194
91205,-118.245839,34.13658
91206,-118.213769,34.160359
91207,-118.262922,34.182378
91208,-118.239524,34.185832
91210,-118.256507,34.144557
91214,-118.249185,34.236302
91301,-118.758541,34.123286
91302,-118.671028,34.12331
91303,-118.600913,34.198292
91304,-118.632656,34.224377
91306,-118.577563,34.209532
91307,-118.6649,34.200833
91384,-118.699048,34.506627
91311,-118.603883,34.294142
91316,-118.515472,34.160236
91320,-118.945118,34.175969
91321,-118.489037,34.36811
91324,-118.55029,34.238208
91325,-118.517588,34.236683
91326,-118.556005,34.281486
91343,-118.482306,34.237912
91330,-118.526076,34.247532
91331,-118.421314,34.255442
91335,-118.540958,34.200175
91340,-118.435078,34.286689
91342,-118.382262,34.326674
91344,-118.507001,34.294615
91345,-118.457241,34.265878
91350,-118.501747,34.440891
91351,-118.448088,34.441427
91352,-118.365856,34.230854
91354,-118.553789,34.465755
91355,-118.634816,34.439741
91356,-118.547553,34.155097
91360,-118.882175,34.212798
91362,-118.818678,34.193329
91361,-118.888909,34.136057
91364,-118.593408,34.153733
91367,-118.615714,34.178068
91371,-118.576125,34.184616
91377,-118.766918,34.184975
91381,-118.647017,34.384545
91387,-118.372452,34.402488
91390,-118.420095,34.545587
91401,-118.431791,34.178483
91402,-118.444689,34.222506
91403,-118.463365,34.147149
91411,-118.459234,34.178522
91405,-118.447609,34.199824
91406,-118.490752,34.195685
91423,-118.433298,34.148617
91436,-118.490755,34.151729
91501,-118.292773,34.200992
91502,-118.31003,34.177267
91504,-118.326365,34.204568
91505,-118.346937,34.173885
91506,-118.323548,34.169706
91601,-118.372498,34.1692
91602,-118.368159,34.150818
91604,-118.39275,34.139082
91605,-118.400022,34.207295
91606,-118.388323,34.185767
91607,-118.399795,34.165783
91608,-118.350933,34.138761
91701,-117.599944,34.137563
91702,-117.866141,34.280333
91706,-117.968269,34.09741
91708,-117.639209,33.953755
91709,-117.738491,33.963746
91710,-117.684702,34.004473
91711,-117.715284,34.12744
91744,-117.93647,34.031415
91745,-117.972146,33.999005
91722,-117.906736,34.097345
91723,-117.886844,34.084747
91724,-117.854733,34.080444
91730,-117.57882,34.10097
91731,-118.043456,34.078573
91732,-118.015345,34.07342
91733,-118.053748,34.046243
91737,-117.577707,34.152583
91739,-117.52302,34.171699
91740,-117.855059,34.119363
91741,-117.841605,34.156529
91761,-117.591528,34.035602
91746,-117.985366,34.044416
91748,-117.900676,33.974883
91750,-117.779803,34.17707
91752,-117.535347,33.994305
91754,-118.143465,34.052922
91755,-118.114394,34.050965
91759,-117.69947,34.263636
91762,-117.674011,34.05941
91763,-117.698315,34.072329
91764,-117.605618,34.074087
91765,-117.820908,33.986775
91766,-117.756106,34.042286
91767,-117.737997,34.083086
91768,-117.790379,34.063516
91770,-118.084529,34.065493
91773,-117.81039,34.110186
91775,-118.089431,34.114772
91776,-118.095091,34.090776
91780,-118.055929,34.101674
91784,-117.655583,34.141146
91786,-117.662035,34.105281
91789,-117.85492,34.018354
91790,-117.937007,34.066964
91791,-117.893169,34.061634
91792,-117.902359,34.022581
91803,-118.145959,34.074736
91901,-116.710667,32.810624
91902,-117.018657,32.665762
91905,-116.314445,32.682149
91906,-116.465373,32.654863
91911,-117.053949,32.607008
91910,-117.057991,32.637898
91913,-116.98582,32.619459
91914,-116.944653,32.673652
91915,-116.949053,32.623185
91916,-116.621359,32.887991
91917,-116.71966,32.608865
91931,-116.557729,32.846363
91932,-117.120872,32.573755
91934,-116.152562,32.648995
91935,-116.792813,32.722157
91941,-116.99726,32.759327
91942,-117.021511,32.777999
91945,-117.034164,32.733177
91950,-117.094668,32.670646
91948,-116.448325,32.866646
91962,-116.415161,32.735124
91963,-116.61002,32.626231
91977,-116.994318,32.726236
91978,-116.940093,32.724154
91980,-116.619172,32.588866
92003,-117.199489,33.284926
92004,-116.106046,33.142077
92007,-117.274923,33.02325
92008,-117.319439,33.144219
92009,-117.243796,33.09532
92010,-117.277163,33.1585
92011,-117.292182,33.107582
92014,-117.248296,32.965617
92019,-116.880634,32.776012
92020,-116.969721,32.79551
92021,-116.872692,32.841221
92024,-117.2599,33.056022
92025,-117.08042,33.102005
92026,-117.1161,33.212452
92027,-116.976997,33.131156
92028,-117.209427,33.390477
92029,-117.129422,33.084281
92036,-116.493688,33.022474
92037,-117.250058,32.856347
92040,-116.892002,32.908904
92054,-117.354538,33.195534
92055,-117.444758,33.387723
92056,-117.296984,33.201242
92057,-117.283379,33.25461
92058,-117.304765,33.326859
92059,-117.066121,33.376467
92060,-116.852856,33.346494
92061,-116.924785,33.298504
92064,-117.019037,32.983612
92065,-116.850651,33.053006
92066,-116.535247,33.219365
92067,-117.190346,33.020908
92069,-117.158674,33.170778
92070,-116.726767,33.149301
92071,-116.987842,32.852358
92075,-117.26058,32.997248
92078,-117.180965,33.115978
92081,-117.24027,33.164374
92082,-117.002555,33.254381
92083,-117.248203,33.19784
92084,-117.202606,33.219935
92086,-116.659989,33.327021
92091,-117.243552,33.016044
92101,-117.170912,32.724103
92102,-117.117058,32.716221
92103,-117.166884,32.747412
92104,-117.127948,32.741501
92105,-117.092669,32.737826
92106,-117.237613,32.710818
92107,-117.245404,32.739055
92108,-117.142454,32.774046
92109,-117.234207,32.786772
92110,-117.200391,32.765244
92111,-117.168864,32.806479
92113,-117.117827,32.696526
92114,-117.055095,32.707756
92115,-117.073643,32.765001
92116,-117.123151,32.764968
92117,-117.199521,32.824567
92118,-117.209642,32.699234
92119,-117.031956,32.817888
92120,-117.071764,32.794714
92121,-117.201203,32.899592
92122,-117.171224,32.861727
92123,-117.134914,32.806777
92124,-117.092378,32.823766
92126,-117.141293,32.908406
92127,-117.132686,33.011833
92128,-117.071808,32.999818
92129,-117.126181,32.966976
92130,-117.214366,32.945791
92131,-117.083325,32.886218
92132,-117.172089,32.713608
92134,-117.146596,32.724208
92135,-117.192775,32.697543
92139,-117.0489,32.679875
92140,-117.197401,32.739496
92173,-117.042502,32.553631
92145,-117.008063,32.930554
92147,-117.219293,32.724618
92154,-117.006117,32.557011
92155,-117.161726,32.674984
92201,-116.204844,33.710984
92203,-116.246488,33.75396
92210,-116.34123,33.692193
92211,-116.334205,33.765401
92220,-116.832362,33.948948
92222,-114.545506,32.785826
92223,-116.987836,33.948254
92225,-114.687973,33.736458
92227,-115.358757,32.990121
92230,-116.765723,33.910412
92231,-115.541,32.68755
92233,-115.553769,33.172881
92234,-116.466743,33.818256
92236,-116.172918,33.686145
92239,-115.4661,33.762149
92240,-116.520104,33.95154
92241,-116.292771,33.835639
92242,-114.319121,34.163216
92243,-115.598602,32.770275
92253,-116.273943,33.641767
92249,-115.472614,32.725546
92250,-115.152865,32.811001
92251,-115.675459,32.881449
92252,-116.288431,34.168333
92254,-115.993906,33.543835
92260,-116.403644,33.708076
92256,-116.606626,34.077059
92257,-115.293842,33.299478
92258,-116.559873,33.915839
92259,-115.932182,32.737701
92262,-116.566176,33.860925
92264,-116.49762,33.70859
92266,-114.930437,33.344936
92267,-114.196525,34.273755
92268,-116.564222,34.222079
92270,-116.429973,33.768611
92273,-115.700076,32.817225
92274,-116.084589,33.460511
92275,-115.844166,33.292095
92276,-116.364238,33.82233
92277,-115.621176,34.141356
92278,-116.055053,34.229973
92280,-114.633391,34.112956
92281,-115.608751,33.051757
92282,-116.683221,33.97963
92283,-114.772944,32.891548
92284,-116.432416,34.185894
92285,-116.540435,34.340222
92301,-117.453724,34.585234
92304,-115.644609,34.541483
92305,-116.817981,34.141671
92307,-117.133076,34.571446
92308,-117.161732,34.425262
92309,-116.038586,35.332155
92310,-116.690639,35.261739
92311,-116.964449,34.980294
92313,-117.312929,34.031011
92314,-116.809496,34.261092
92315,-116.903843,34.233757
92316,-117.39104,34.059722
92352,-117.199381,34.259971
92354,-117.248563,34.051177
92320,-117.052249,33.990365
92321,-117.150891,34.253816
92322,-117.326453,34.254361
92364,-115.426224,35.34042
92324,-117.289351,34.024368
92325,-117.281304,34.243482
92407,-117.381097,34.212216
92327,-116.862059,34.863585
92328,-116.827387,36.597877
92371,-117.541815,34.442625
92335,-117.465136,34.085957
92332,-115.342092,34.912426
92333,-116.949312,34.270608
92336,-117.464506,34.147718
92337,-117.470612,34.04981
92338,-116.190564,34.782699
92339,-116.936222,34.093661
92345,-117.300435,34.374627
92341,-117.062838,34.236643
92342,-117.350142,34.757047
92344,-117.405721,34.391146
92346,-117.183148,34.12738
92347,-117.219606,34.957406
92356,-116.896718,34.510646
92358,-117.520971,34.259272
92359,-117.073317,34.083016
92363,-114.640335,34.894366
92365,-116.655003,34.900018
92368,-117.320224,34.649186
92372,-117.623946,34.447894
92373,-117.159696,34.011935
92374,-117.172,34.067213
92376,-117.377406,34.111605
92377,-117.406066,34.157868
92378,-117.225931,34.226083
92382,-117.117403,34.205287
92384,-116.178478,36.007706
92385,-117.192326,34.21474
92386,-116.827695,34.237229
92389,-116.18637,35.901353
92391,-117.234788,34.237898
92392,-117.408186,34.480247
92395,-117.291635,34.501576
92394,-117.353632,34.556111
92397,-117.628429,34.374009
92398,-116.849376,34.910795
92399,-117.010508,34.032284
92401,-117.29215,34.104794
92404,-117.221583,34.183506
92405,-117.301301,34.14463
92408,-117.270016,34.083458
92410,-117.297553,34.106922
92411,-117.320138,34.122501
92501,-117.373184,33.99504
92503,-117.442303,33.882579
92504,-117.398044,33.903134
92505,-117.493881,33.936193
92506,-117.367319,33.934335
92507,-117.32512,33.970847
92508,-117.32675,33.891132
92509,-117.442161,34.003028
92518,-117.278368,33.889103
92530,-117.372457,33.650799
92532,-117.302951,33.692675
92536,-116.837955,33.492391
92539,-116.64762,33.527867
92543,-116.963506,33.667301
92544,-116.882748,33.646625
92545,-117.03406,33.729853
92548,-117.109484,33.758663
92549,-116.753505,33.768565
92551,-117.224878,33.88274
92553,-117.244825,33.923386
92555,-117.112789,33.890645
92557,-117.258448,33.97216
92561,-116.627212,33.637201
92562,-117.344739,33.548299
92563,-117.14719,33.581045
92567,-117.105415,33.810743
92570,-117.320673,33.787292
92571,-117.205481,33.82931
92583,-116.934097,33.79736
92582,-117.020069,33.806708
92584,-117.173618,33.658592
92585,-117.172142,33.746707
92586,-117.198846,33.708976
92587,-117.250024,33.692805
92591,-117.104785,33.535276
92590,-117.227005,33.480536
92592,-117.042388,33.511218
92595,-117.259304,33.617845
92596,-117.050379,33.665531
92602,-117.750414,33.757245
92603,-117.780978,33.623874
92604,-117.788058,33.688584
92647,-118.008692,33.723228
92606,-117.8159,33.701704
92677,-117.701175,33.529047
92630,-117.685503,33.645736
92610,-117.67594,33.696122
92612,-117.826009,33.65844
92614,-117.833295,33.680302
92646,-117.968459,33.66205
92617,-117.841688,33.642512
92618,-117.732135,33.667145
92620,-117.751372,33.712629
92624,-117.659056,33.451469
92625,-117.864253,33.601966
92626,-117.911715,33.678399
92627,-117.919761,33.647763
92629,-117.705675,33.47512
92637,-117.731443,33.612925
92648,-118.014603,33.67901
92649,-118.051579,33.72524
92651,-117.773037,33.570925
92653,-117.697512,33.591304
92655,-117.984872,33.745101
92656,-117.730364,33.576205
92657,-117.829038,33.595088
92660,-117.874882,33.634626
92663,-117.933903,33.623208
92661,-117.913001,33.601984
92662,-117.892319,33.605086
92672,-117.606843,33.42362
92673,-117.613509,33.467372
92675,-117.608674,33.501773
92676,-117.612607,33.752512
92678,-117.526144,33.680226
92679,-117.60436,33.606695
92683,-117.993904,33.75245
92688,-117.612087,33.619672
92691,-117.665867,33.611945
92692,-117.643112,33.606497
92694,-117.62376,33.547236
92701,-117.858473,33.74822
92703,-117.906761,33.747615
92704,-117.90511,33.721131
92705,-117.790075,33.765639
92706,-117.881976,33.765301
92707,-117.870431,33.709935
92708,-117.951129,33.710582
92780,-117.819157,33.73401
92782,-117.78471,33.739689
92801,-117.952151,33.844983
92802,-117.923655,33.808271
92804,-117.974997,33.818251
92805,-117.906109,33.830209
92806,-117.870494,33.83796
92807,-117.788357,33.848733
92808,-117.74021,33.856495
92870,-117.854783,33.881158
92823,-117.809353,33.928202
92831,-117.89634,33.879767
92832,-117.929055,33.868649
92833,-117.961743,33.879309
92835,-117.916639,33.901886
92840,-117.931889,33.787165
92841,-117.98202,33.786846
92843,-117.93138,33.763928
92844,-117.969509,33.76548
92845,-118.026268,33.783064
92866,-117.844774,33.784615
92865,-117.851196,33.827031
92869,-117.791041,33.808485
92860,-117.551958,33.925519
92861,-117.810013,33.81766
92867,-117.843772,33.80098
92868,-117.87655,33.788145
92881,-117.524091,33.827409
92882,-117.601961,33.840451
92879,-117.5269,33.882879
92880,-117.617809,33.918043
92883,-117.474266,33.752748
92886,-117.796416,33.896339
92887,-117.730164,33.885514
93001,-119.80079,34.037342
93003,-119.223196,34.283668
93004,-119.165615,34.278679
93010,-119.079869,34.227855
93012,-118.988163,34.198821
93013,-119.513163,34.441398
93015,-118.897776,34.404104
93021,-118.898546,34.297029
93022,-119.306554,34.40778
93023,-119.310134,34.5302
93030,-119.174092,34.205247
93036,-119.184377,34.236999
93033,-119.127729,34.150212
93035,-119.224985,34.181971
93040,-118.797181,34.473883
93041,-119.099535,34.106896
93042,-119.503588,33.255655
93043,-119.202409,34.170854
93060,-119.094824,34.402343
93065,-118.774661,34.258272
93063,-118.687222,34.30873
93064,-118.70094,34.247556
93066,-119.014627,34.297628
93067,-119.593483,34.421964
93101,-119.709166,34.418979
93103,-119.678826,34.438786
93105,-119.797628,34.534881
93117,-120.083673,34.479077
93108,-119.616984,34.448024
93109,-119.726936,34.406256
93110,-119.761971,34.449656
93111,-119.804023,34.448902
93201,-119.51094,35.862574
93202,-119.708452,36.313344
93203,-118.832292,35.112617
93204,-120.06859,35.889811
93205,-118.430032,35.518295
93206,-119.477735,35.437302
93207,-118.630592,35.889831
93208,-118.568462,36.056587
93210,-120.424244,36.216313
93212,-119.5277,36.042151
93215,-119.200825,35.779507
93218,-119.03614,35.860883
93219,-119.281551,35.873666
93220,-118.756525,35.403611
93221,-119.026031,36.295014
93222,-119.20368,34.842272
93223,-119.204896,36.304539
93224,-119.569304,35.228199
93225,-119.030293,34.768537
93226,-118.738483,35.735694
93291,-119.372842,36.391777
93230,-119.622676,36.29223
93234,-120.090096,36.191269
93235,-119.219896,36.389827
93271,-118.800833,36.469541
93238,-118.391705,35.729097
93239,-119.990217,36.04719
93240,-118.451991,35.617518
93241,-118.912678,35.254701
93242,-119.727723,36.442073
93243,-118.791975,34.7727
93244,-118.997291,36.462671
93245,-119.829463,36.29227
93247,-119.071075,36.206269
93249,-119.888623,35.619272
93250,-119.197958,35.665082
93251,-119.758248,35.335636
93252,-119.243479,34.709947
93254,-119.810428,34.966833
93255,-118.101378,35.676978
93256,-119.312992,35.960636
93257,-118.860221,35.988087
93258,-119.150397,36.05438
93260,-118.669124,35.817247
93261,-119.128083,35.808535
93262,-118.697481,36.615495
93263,-119.286861,35.492805
93265,-118.693138,36.245926
93266,-119.867288,36.145394
93267,-119.049222,36.15118
93268,-119.425116,35.162393
93270,-119.072843,35.952426
93272,-119.344304,36.047414
93274,-119.370752,36.178091
93276,-119.358368,35.299176
93277,-119.375646,36.303793
93280,-119.4464,35.652242
93283,-118.297851,35.592029
93285,-118.507202,35.715239
93286,-119.094348,36.464635
93287,-118.988161,35.757886
93292,-119.211689,36.37559
93301,-119.020562,35.384336
93308,-118.789677,35.621087
93304,-119.023451,35.339702
93305,-118.985186,35.389749
93306,-118.779649,35.468183
93307,-118.9411,35.24512
93309,-119.064803,35.342891
93311,-119.175866,35.192404
93312,-119.12046,35.393478
93313,-119.046322,35.16319
93314,-119.244846,35.393866
93401,-120.615973,35.23575
93402,-120.835464,35.295232
93405,-120.733137,35.296964
93410,-120.660937,35.3012
93420,-120.476742,35.176005
93445,-120.620201,35.044405
93422,-120.693236,35.463837
93424,-120.731954,35.185922
93426,-120.938911,35.848621
93427,-120.219523,34.610436
93428,-121.041499,35.584973
93429,-120.536546,34.866032
93430,-120.944413,35.484971
93432,-120.477579,35.48124
93433,-120.619664,35.120888
93434,-120.60513,34.919206
93436,-120.382917,34.601055
93437,-120.543739,34.737964
93440,-120.230146,34.712216
93441,-119.989127,34.788159
93442,-120.799356,35.401939
93444,-120.504593,35.037198
93446,-120.729679,35.663575
93449,-120.655845,35.165673
93450,-120.818725,36.085435
93451,-120.608661,35.886767
93452,-121.223355,35.746484
93453,-120.256567,35.303926
93454,-120.256729,34.943523
93455,-120.433509,34.831792
93458,-120.490081,34.95934
93460,-120.007238,34.653255
93461,-120.266428,35.652911
93463,-120.137875,34.624399
93465,-120.739893,35.538809
93501,-118.184941,35.067111
93505,-117.886527,35.16374
93510,-118.220854,34.46109
93512,-118.555074,37.892565
93513,-118.15588,37.131989
93514,-118.389367,37.491769
93516,-117.629941,35.002282
93517,-119.380803,38.278853
93518,-118.467651,35.383054
93519,-117.925785,35.294349
93522,-117.591286,36.316188
93523,-117.835384,34.960825
93524,-117.907127,34.931987
93526,-118.281259,36.823846
93527,-118.176768,36.119934
93528,-117.643321,35.371604
93529,-119.095647,37.815507
93530,-117.860116,36.47583
93531,-118.582566,35.221906
93532,-118.533689,34.689848
93534,-118.15292,34.713292
93535,-117.86466,34.713656
93536,-118.369249,34.74739
93541,-119.114386,37.988074
93555,-117.683472,35.606509
93543,-117.982006,34.481108
93544,-117.756645,34.495537
93545,-118.054221,36.556387
93546,-118.83988,37.548771
93549,-117.947995,36.21164
93550,-118.123597,34.408383
93551,-118.239005,34.60411
93552,-118.023744,34.570867
93553,-117.911825,34.407313
93554,-117.764333,35.413944
93558,-117.621393,35.347928
93560,-118.339832,34.866894
93561,-118.493811,35.118772
93562,-117.384948,35.74837
93563,-117.766066,34.402521
93591,-117.813682,34.594397
93592,-117.224709,35.852815
93601,-119.741037,37.393471
93602,-119.316654,37.028835
93603,-118.957187,36.622507
93604,-119.425782,37.349585
93605,-119.249243,37.203158
93606,-120.01855,36.803208
93656,-119.934478,36.450225
93608,-120.361622,36.493861
93609,-119.864081,36.526601
93610,-120.281214,37.098303
93611,-119.68019,36.825296
93612,-119.710595,36.814863
93614,-119.749852,37.210039
93615,-119.286328,36.503322
93616,-119.593861,36.655353
93618,-119.389446,36.521012
93619,-119.593481,36.917573
93620,-120.626723,37.018947
93621,-119.140384,36.789242
93622,-120.57524,36.814503
93623,-119.644344,37.494819
93624,-120.116591,36.378434
93625,-119.671874,36.624538
93626,-119.6872,37.046782
93627,-120.061497,36.474404
93628,-118.938691,36.779832
93630,-120.123526,36.727418
93631,-119.52137,36.478239
93633,-118.649328,36.822163
93634,-119.001021,37.223
93635,-120.843606,37.068051
93636,-119.873914,36.984885
93637,-120.185933,36.918079
93638,-120.031309,37.040928
93640,-120.446521,36.672683
93641,-119.024051,36.696759
93664,-119.21954,37.129321
93643,-119.470738,37.224696
93644,-119.632385,37.377787
93645,-119.64103,37.17395
93646,-119.289181,36.644737
93647,-119.175485,36.60076
93648,-119.520731,36.620634
93654,-119.401274,36.658709
93650,-119.799812,36.840813
93651,-119.518794,36.999336
93652,-119.904577,36.595012
93653,-119.944935,37.248335
93657,-119.457602,36.817791
93660,-120.173897,36.585446
93662,-119.638651,36.536573
93665,-120.64806,36.960108
93666,-119.335641,36.547067
93667,-119.335294,36.95594
93668,-120.284085,36.650275
93669,-119.548406,37.290563
93673,-119.482343,36.452697
93675,-119.192779,36.724723
93701,-119.787684,36.74966
93702,-119.753932,36.739193
93703,-119.762393,36.76886
93704,-119.801608,36.799054
93705,-119.828335,36.786671
93706,-119.906542,36.652041
93721,-119.783739,36.732892
93710,-119.760241,36.822348
93711,-119.83335,36.834289
93720,-119.760793,36.862209
93722,-119.874794,36.799361
93723,-119.956818,36.793477
93725,-119.731888,36.627211
93726,-119.761461,36.793661
93727,-119.680602,36.751519
93728,-119.818483,36.757293
93730,-119.754143,36.900387
93901,-121.622188,36.64152
93905,-121.605904,36.682351
93906,-121.63365,36.722713
93907,-121.667532,36.769389
93908,-121.599444,36.651745
93920,-121.549826,36.092975
93921,-121.92396,36.553175
93923,-121.849502,36.448672
93924,-121.637712,36.41408
93925,-121.398908,36.588003
93926,-121.396719,36.52588
93927,-121.386617,36.248708
93928,-121.244009,36.038868
93930,-121.010363,36.20506
93932,-121.055933,35.989792
93933,-121.786887,36.686845
93940,-121.840727,36.57485
93943,-121.874136,36.597004
93950,-121.925179,36.621181
93953,-121.945282,36.585219
93954,-120.928512,36.133362
93955,-121.786901,36.61441
93960,-121.343146,36.389618
93962,-121.646487,36.624716
94002,-122.298896,37.514352
94005,-122.408935,37.688826
94010,-122.365778,37.57028
94014,-122.447437,37.690868
94015,-122.480591,37.681267
94019,-122.411841,37.469453
94020,-122.23242,37.274612
94021,-122.280738,37.270838
94022,-122.144416,37.357472
94024,-122.094337,37.352252
94025,-122.176542,37.457524
94027,-122.204756,37.453514
94028,-122.209784,37.376855
94030,-122.401991,37.59897
94043,-122.070895,37.421865
94037,-122.496668,37.554358
94038,-122.512164,37.526902
94040,-122.085286,37.380566
94041,-122.075734,37.388528
94044,-122.477228,37.606593
94060,-122.271032,37.247137
94061,-122.236948,37.461147
94062,-122.297142,37.410563
94063,-122.195525,37.493297
94065,-122.247372,37.534106
94066,-122.43363,37.625102
94070,-122.272556,37.496461
94074,-122.341444,37.331762
94080,-122.422075,37.65549
94085,-122.01774,37.388556
94086,-122.023152,37.371647
94087,-122.036962,37.351528
94089,-122.015605,37.412402
94102,-122.419318,37.779588
94103,-122.411167,37.773134
94104,-122.40213,37.791409
94105,-122.393665,37.789864
94107,-122.399724,37.76046
94108,-122.408575,37.792007
94109,-122.422453,37.795388
94110,-122.415201,37.750021
94111,-122.398407,37.799367
94112,-122.44295,37.720375
94114,-122.43541,37.758057
94115,-122.437253,37.785969
94116,-122.486065,37.745399
94117,-122.447662,37.769436
94118,-122.462605,37.780097
94121,-122.494707,37.776769
94122,-122.485128,37.758797
94123,-122.438366,37.800934
94124,-122.382779,37.728895
94127,-122.459338,37.73622
94128,-122.385694,37.626369
94129,-122.464462,37.797336
94130,-122.369725,37.820894
94131,-122.441472,37.745916
94132,-122.484166,37.721969
94133,-122.410852,37.804531
94134,-122.413573,37.721052
94158,-122.386927,37.768106
95814,-121.49559,38.580568
95815,-121.447593,38.605407
95823,-121.443454,38.474099
95818,-121.497058,38.554487
95816,-121.466465,38.571577
95822,-121.493618,38.512787
94301,-122.149915,37.444122
94303,-122.115398,37.45809
94304,-122.181697,37.374707
94305,-122.17147,37.41794
94306,-122.130765,37.415727
94401,-122.316903,37.576948
94402,-122.344932,37.523688
94403,-122.305447,37.538449
94404,-122.267679,37.555999
94501,-122.278123,37.773797
94502,-122.245507,37.737572
94503,-122.264565,38.186535
94505,-121.596957,37.871707
94506,-121.912929,37.809418
94507,-122.021113,37.850399
94508,-122.444388,38.576618
94509,-121.812301,37.996501
94510,-122.13594,38.098071
94511,-121.640566,38.029003
94512,-121.834156,38.134852
94513,-121.668359,37.922228
94514,-121.622546,37.826372
94515,-122.615051,38.634822
94516,-122.165034,37.833901
94517,-121.878359,37.890221
94518,-122.022034,37.950359
94519,-122.01304,37.98846
94520,-122.040624,37.995283
94521,-121.956195,37.956008
94523,-122.076124,37.954141
94525,-122.232094,38.052951
94526,-121.990552,37.814613
94528,-121.950612,37.845601
94530,-122.298347,37.921552
94531,-121.77583,37.965782
94533,-122.006681,38.280863
94534,-122.135862,38.244889
94535,-121.924715,38.282221
94536,-121.98125,37.570508
94538,-121.962472,37.505768
94539,-121.911763,37.51691
94544,-122.0572,37.63382
94541,-122.08482,37.673946
94542,-122.037142,37.659883
94545,-122.126873,37.605905
94546,-122.079542,37.714509
94547,-122.261851,38.009937
94548,-121.651441,37.974295
94549,-122.114292,37.897009
94550,-121.583391,37.526661
94551,-121.749055,37.750502
94552,-122.021552,37.72272
94553,-122.136441,37.993892
94555,-122.098635,37.548123
94556,-122.114936,37.840669
94558,-122.23832,38.442011
94559,-122.313395,38.245729
94560,-122.032359,37.504141
94561,-121.691139,37.993936
94574,-122.419923,38.542448
94563,-122.184572,37.879921
94564,-122.282589,37.994038
94565,-121.906255,38.014576
94566,-121.849958,37.648118
94567,-122.393997,38.706906
94568,-121.913048,37.717399
94569,-122.198765,38.044258
94571,-121.737696,38.148862
94572,-122.252247,38.032719
94573,-122.428831,38.458864
94575,-122.109502,37.840961
94576,-122.476383,38.549425
94577,-122.16735,37.713275
94578,-122.125551,37.706137
94579,-122.157201,37.686491
94580,-122.133017,37.675731
94582,-121.915788,37.762174
94583,-121.973009,37.755504
94585,-121.927529,38.192498
94586,-121.853708,37.57459
94587,-122.018638,37.603156
94588,-121.86059,37.792682
94589,-122.224074,38.18735
94590,-122.249096,38.103234
94591,-122.196863,38.122869
94592,-122.277394,38.08973
94595,-122.069386,37.871953
94596,-122.03756,37.889079
94597,-122.071676,37.918195
94598,-121.999244,37.899936
94599,-122.361511,38.409878
94601,-122.218705,37.775545
94602,-122.207545,37.80432
94603,-122.179454,37.736531
94612,-122.269196,37.8088
94605,-122.150198,37.761408
94606,-122.245334,37.791887
94607,-122.301491,37.807211
94608,-122.289569,37.836817
94609,-122.264374,37.834391
94610,-122.242458,37.811406
94611,-122.203393,37.829483
94613,-122.182867,37.780849
94621,-122.216825,37.748272
94618,-122.23811,37.843962
94619,-122.13238,37.781467
94704,-122.257995,37.866536
94702,-122.286326,37.865784
94703,-122.27564,37.863906
94705,-122.238209,37.865177
94706,-122.295526,37.889704
94707,-122.27913,37.898189
94708,-122.261795,37.902944
94709,-122.266839,37.879234
94710,-122.306465,37.863914
94720,-122.254934,37.873838
94801,-122.381974,37.952844
94803,-122.283555,37.95954
94804,-122.341233,37.916555
94805,-122.322933,37.942791
94806,-122.337627,37.98079
94850,-122.317378,37.902226
94901,-122.496839,37.978316
94903,-122.555605,38.022366
94904,-122.56012,37.945512
94920,-122.46858,37.885629
94922,-122.948799,38.344946
94923,-123.035056,38.339953
94924,-122.72379,37.943087
94925,-122.507735,37.932145
94928,-122.694127,38.34642
94929,-122.962717,38.25242
94930,-122.616418,37.943963
94931,-122.714633,38.324132
94933,-122.687478,38.012599
94937,-122.930234,38.116188
94938,-122.726523,38.029069
94939,-122.532369,37.937082
94940,-122.883126,38.17859
94941,-122.562961,37.897529
94945,-122.52719,38.134068
94946,-122.671527,38.082829
94947,-122.634384,38.112166
94949,-122.524004,38.067204
94950,-122.759933,38.024885
94951,-122.646138,38.320861
94952,-122.760385,38.234553
94954,-122.557332,38.235021
94956,-122.861209,38.045857
94957,-122.563588,37.963111
94960,-122.577814,37.995864
94963,-122.67012,38.013719
94964,-122.492151,37.943257
94965,-122.547207,37.852904
94970,-122.64689,37.914513
94971,-122.92825,38.231532
94972,-122.971069,38.292103
94973,-122.639598,38.012697
95003,-121.881646,37.011154
95002,-122.011246,37.438525
95004,-121.63073,36.874753
95005,-122.091668,37.099415
95006,-122.149524,37.171267
95007,-122.106903,37.104964
95008,-121.955101,37.278563
95010,-121.95316,36.976175
95012,-121.759054,36.784482
95013,-121.741423,37.215421
95014,-122.080628,37.30661
95017,-122.237162,37.114335
95018,-122.059372,37.074092
95019,-121.783134,36.935538
95020,-121.554249,37.018419
95023,-121.350783,36.902045
95033,-121.984916,37.16132
95030,-121.983274,37.222788
95032,-121.926548,37.216822
95035,-121.874953,37.443638
95037,-121.598747,37.174063
95039,-121.776583,36.82815
95041,-122.057815,37.050419
95120,-121.843554,37.186141
95043,-120.952122,36.525703
95045,-121.518587,36.825745
95046,-121.59924,37.099308
95050,-121.952295,37.351158
95051,-121.984376,37.348651
95053,-121.937559,37.348725
95054,-121.964672,37.39349
95060,-122.12175,37.036461
95062,-121.987488,36.970525
95064,-122.059022,36.991107
95065,-121.98334,37.031472
95066,-122.01399,37.067923
95070,-122.045164,37.257287
95073,-121.930051,37.042254
95075,-121.142439,36.779046
95076,-121.756479,36.946256
95131,-121.897415,37.387105
95113,-121.891049,37.333707
95110,-121.909871,37.346608
95111,-121.826245,37.283111
95112,-121.883537,37.344507
95116,-121.852602,37.350466
95117,-121.96187,37.311181
95118,-121.889982,37.255519
95119,-121.7851,37.230059
95121,-121.809861,37.304151
95122,-121.835328,37.3287
95123,-121.831604,37.244238
95124,-121.922764,37.256766
95125,-121.89143,37.295097
95126,-121.916765,37.326803
95127,-121.800706,37.371079
95128,-121.936313,37.315976
95129,-122.000913,37.30574
95130,-121.986133,37.277121
95132,-121.74841,37.424655
95133,-121.860764,37.371645
95134,-121.945416,37.42765
95135,-121.68836,37.286454
95136,-121.851333,37.270058
95138,-121.73384,37.246621
95139,-121.764075,37.224914
95140,-121.620009,37.393503
95148,-121.777603,37.335987
95206,-121.417427,37.918854
95202,-121.288287,37.959736
95203,-121.329655,37.952452
95204,-121.319246,37.973736
95205,-121.259841,37.964578
95207,-121.324979,38.002125
95209,-121.351122,38.047664
95210,-121.297912,38.030177
95211,-121.313409,37.97925
95212,-121.23297,38.049939
95215,-121.157283,37.949421
95219,-121.483036,38.051726
95220,-121.235034,38.200231
95222,-120.632221,38.071327
95223,-119.983134,38.428475
95224,-120.322688,38.231324
95225,-120.886271,38.198402
95226,-120.8567,38.228993
95227,-121.052489,38.207403
95228,-120.70667,37.933295
95251,-120.449079,38.077689
95230,-120.898152,38.000494
95231,-121.292034,37.873283
95232,-120.594018,38.355338
95233,-120.368144,38.161669
95234,-121.528026,37.925763
95236,-121.02389,38.02973
95237,-121.15034,38.16154
95240,-121.144658,38.114388
95242,-121.384546,38.137068
95245,-120.626707,38.299257
95246,-120.515637,38.232845
95247,-120.452903,38.138539
95248,-120.461112,38.317709
95249,-120.638708,38.189115
95250,-120.428658,38.237833
95252,-120.84667,38.149816
95254,-120.957842,38.192608
95255,-120.474458,38.419902
95257,-120.448,38.379703
95258,-121.310964,38.169605
95301,-120.636719,37.321154
95303,-120.671083,37.470288
95304,-121.406559,37.671103
95305,-120.26914,37.794225
95306,-120.127607,37.392622
95307,-120.951523,37.554269
95327,-120.480322,37.861625
95310,-120.37855,38.085839
95311,-120.082158,37.705084
95312,-120.652983,37.421071
95313,-121.051294,37.431392
95314,-119.789783,38.321892
95315,-120.769282,37.4219
95316,-120.714055,37.553376
95317,-120.506433,37.12738
95318,-119.784117,37.653372
95319,-120.903049,37.63929
95320,-121.005157,37.825598
95321,-120.014557,37.854734
95322,-121.024432,37.166199
95323,-120.685156,37.608303
95324,-120.890747,37.394536
95325,-120.230418,37.479885
95326,-120.855236,37.588918
95328,-120.90988,37.558453
95329,-120.411517,37.666587
95330,-121.315116,37.809477
95333,-120.240442,37.242232
95334,-120.742627,37.347307
95335,-120.092801,38.125078
95336,-121.201018,37.830267
95337,-121.23838,37.743039
95338,-119.982496,37.508765
95340,-120.42415,37.345785
95341,-120.501072,37.231045
95345,-119.976728,37.583767
95346,-120.170699,38.065529
95348,-120.498299,37.392287
95350,-121.007405,37.671978
95351,-120.996324,37.623601
95354,-120.964772,37.639029
95355,-120.946594,37.672906
95356,-121.032714,37.718023
95357,-120.887136,37.672536
95358,-121.108568,37.612612
95360,-121.193383,37.325955
95361,-120.757696,37.786492
95363,-121.22995,37.452894
95364,-119.78303,38.258381
95365,-120.294817,37.331113
95366,-121.125614,37.762939
95367,-120.942905,37.729282
95368,-121.089243,37.715625
95369,-120.435972,37.531787
95370,-120.349264,37.984549
95372,-120.262774,37.991339
95374,-120.855753,37.316807
95375,-120.026235,38.186595
95376,-121.433384,37.737191
95377,-121.517281,37.674036
95379,-120.188002,37.939768
95380,-120.875917,37.474396
95382,-120.853313,37.528476
95383,-120.230625,38.107441
95385,-121.24733,37.61074
95386,-120.627047,37.668877
95387,-121.298493,37.4987
95388,-120.586787,37.41467
95389,-119.68128,37.626489
95391,-121.609686,37.768237
95401,-122.793752,38.449137
95404,-122.69096,38.526298
95403,-122.754057,38.503685
95405,-122.665993,38.437114
95407,-122.745048,38.3933
95409,-122.580539,38.468893
95410,-123.690534,39.204746
95412,-123.349777,38.713421
95415,-123.370756,39.015251
95476,-122.470703,38.254935
95417,-123.610022,39.68979
95482,-123.24235,39.121234
95472,-122.861923,38.398815
95420,-123.804985,39.366146
95421,-123.159486,38.628044
95422,-122.622751,38.973642
95423,-122.626701,39.064446
95425,-123.063567,38.823075
95426,-122.730395,38.832458
95427,-123.563531,39.244183
95428,-123.178799,39.824434
95429,-123.300585,39.720542
95430,-123.047185,38.461425
95431,-122.517056,38.348343
95432,-123.645121,39.108252
95435,-122.86951,39.007213
95436,-122.905772,38.48697
95437,-123.742891,39.48586
95439,-122.777546,38.493179
95441,-122.906767,38.731694
95442,-122.487136,38.371334
95443,-122.751233,39.054131
95444,-122.869001,38.433216
95445,-123.472567,38.832535
95446,-123.007892,38.527164
95448,-122.89158,38.627028
95449,-123.101055,38.943196
95450,-123.170879,38.501363
95451,-122.789559,38.922131
95452,-122.53521,38.425523
95453,-122.942355,39.044761
95454,-123.51601,39.806149
95456,-123.760729,39.258295
95457,-122.53272,38.882973
95458,-122.745312,39.161278
95459,-123.626842,38.989323
95460,-123.748616,39.305245
95461,-122.557196,38.752774
95462,-123.018428,38.462146
95463,-123.558382,39.186791
95464,-122.849302,39.128363
95465,-123.065708,38.421306
95466,-123.504872,39.081822
95467,-122.539517,38.809463
95468,-123.605813,38.916214
95469,-123.052841,39.390917
95470,-123.249924,39.31403
95471,-122.968774,38.524077
95485,-122.922912,39.225478
95486,-123.024203,38.474137
95488,-123.741578,39.683731
95490,-123.340973,39.492842
95492,-122.821349,38.528079
95493,-122.969574,39.184728
95494,-123.337821,38.889651
95497,-123.476087,38.742903
95501,-124.15192,40.798802
95503,-124.108897,40.737431
95511,-123.681921,40.141856
95514,-123.653473,40.294713
95521,-124.06672,40.855672
95519,-124.051236,40.959368
95524,-124.049485,40.825486
95525,-123.815266,40.92143
95526,-123.673165,40.459063
95527,-123.387964,41.012258
95528,-123.93037,40.497283
95531,-124.065667,41.819578
95536,-124.326632,40.523168
95537,-124.217378,40.726752
95540,-124.136869,40.578828
95542,-123.783948,40.080405
95543,-123.86277,41.870812
95545,-124.06367,40.280389
95546,-123.675804,41.092824
95547,-124.081215,40.557483
95548,-124.045992,41.593204
95549,-123.908398,40.666702
95550,-123.826383,40.781218
95551,-124.231146,40.674987
95552,-123.219559,40.203939
95553,-123.888871,40.244215
95554,-123.777112,40.296346
95555,-123.913425,41.241807
95556,-123.586216,41.308073
95558,-124.243071,40.298264
95559,-123.744917,40.183684
95560,-123.826148,40.168801
95562,-124.12184,40.472423
95563,-123.499144,40.87733
95564,-124.20464,40.79102
95565,-124.015148,40.455189
95567,-124.097094,41.950683
95568,-123.464802,41.452691
95569,-123.844997,40.37886
95570,-124.156283,41.080058
95571,-123.920622,40.322772
95573,-123.668723,40.914926
95585,-123.656929,39.844682
95587,-123.775737,39.96327
95589,-123.969269,40.055796
95595,-123.425497,40.109807
95601,-120.825717,38.426699
95602,-121.114408,38.99003
95603,-121.080284,38.915869
95604,-120.071406,39.243304
95605,-121.539867,38.593521
95606,-122.195441,38.756186
95607,-122.127165,38.83447
95608,-121.324911,38.62415
95610,-121.271772,38.694908
95621,-121.308303,38.695704
95612,-121.578701,38.384648
95667,-120.789952,38.734925
95614,-120.982388,38.886062
95615,-121.546207,38.324029
95616,-121.798469,38.55413
95618,-121.6815,38.543211
95619,-120.814261,38.680605
95620,-121.756222,38.412615
95623,-120.85663,38.605289
95624,-121.315627,38.427651
95625,-121.911547,38.358121
95626,-121.468174,38.733145
95627,-122.025346,38.734513
95628,-121.25441,38.652065
95629,-120.688517,38.516474
95630,-121.141635,38.666597
95631,-120.795632,39.053461
95632,-121.259201,38.274451
95633,-120.826574,38.844519
95634,-120.768776,38.938067
95635,-120.914049,38.9043
95636,-120.383217,38.621278
95637,-122.236937,38.834139
95638,-121.123886,38.313448
95639,-121.500428,38.38903
95640,-120.955787,38.325248
95641,-121.589599,38.140308
95642,-120.760921,38.343033
95666,-120.376629,38.523861
95645,-121.778654,38.884891
95646,-120.054929,38.689283
95648,-121.312005,38.922812
95650,-121.171375,38.809175
95651,-120.929272,38.81782
95652,-121.401102,38.662977
95653,-121.978759,38.6976
95655,-121.278598,38.549228
95684,-120.585956,38.593273
95658,-121.15918,38.883224
95659,-121.572164,38.84223
95660,-121.379969,38.678545
95661,-121.247693,38.741074
95662,-121.218435,38.689174
95663,-121.182313,38.855811
95664,-121.036736,38.800662
95665,-120.649677,38.402083
95668,-121.498102,38.833554
95669,-120.899472,38.482619
95670,-121.280327,38.604268
95673,-121.459014,38.689241
95672,-121.000439,38.725093
95674,-121.48187,38.954159
95675,-120.7405,38.5447
95677,-121.234854,38.791075
95678,-121.287515,38.764073
95679,-122.348664,38.89667
95680,-121.587535,38.240419
95681,-121.353545,38.995557
95682,-120.964522,38.612129
95683,-121.096261,38.511992
95685,-120.770657,38.431898
95686,-121.520223,38.157794
95687,-121.920151,38.333133
95688,-122.022775,38.408571
95689,-120.611993,38.478832
95690,-121.618273,38.199576
95691,-121.593287,38.627951
95692,-121.403091,39.046931
95693,-121.210347,38.39955
95694,-122.08021,38.568491
95695,-121.85708,38.687044
95697,-121.810264,38.73237
95698,-121.910774,38.816357
95699,-120.857671,38.436467
95701,-120.768689,39.224484
95703,-120.978665,38.985882
95709,-120.675512,38.748316
95945,-120.972289,39.196387
95713,-120.873765,39.113684
95714,-120.840726,39.200502
95715,-120.677611,39.269964
95717,-120.852571,39.144524
95720,-120.209673,38.766036
95721,-120.077273,38.84119
95722,-121.034108,39.009741
95724,-120.328125,39.311704
95726,-120.503871,38.800349
95728,-120.399379,39.319332
95735,-120.14951,38.840775
95736,-120.97753,39.038809
95742,-121.201788,38.577783
95746,-121.184357,38.750964
95747,-121.373155,38.78207
95757,-121.431231,38.344888
95758,-121.444696,38.427813
95762,-121.064165,38.685222
95765,-121.279552,38.815502
95776,-121.694431,38.694081
95811,-121.478101,38.58323
95817,-121.456373,38.550547
95819,-121.440067,38.569828
95820,-121.444372,38.534879
95821,-121.384916,38.625693
95824,-121.440739,38.517585
95825,-121.408467,38.591897
95826,-121.377692,38.543754
95827,-121.324257,38.556129
95828,-121.395843,38.488809
95829,-121.323454,38.489544
95830,-121.284171,38.490508
95831,-121.529447,38.494832
95832,-121.496114,38.44705
95833,-121.517552,38.619049
95834,-121.518416,38.635653
95835,-121.525983,38.670649
95837,-121.599134,38.693945
95838,-121.445152,38.64617
95841,-121.347394,38.66037
95842,-121.349146,38.686809
95843,-121.363422,38.715463
95864,-121.375846,38.584047
95901,-121.49405,39.223939
95903,-121.36818,39.106099
95910,-120.817232,39.491126
95912,-122.062143,39.016702
95963,-122.258532,39.7353
95914,-121.330521,39.449005
95915,-121.158894,40.006256
95916,-121.351955,39.665539
95917,-121.761286,39.413627
95918,-121.337929,39.301229
95919,-121.261143,39.432882
95920,-121.936372,39.449794
95922,-121.070237,39.48984
95923,-121.092693,40.133728
95925,-121.192649,39.484108
95926,-121.843834,39.745628
95928,-121.844084,39.68571
95930,-121.192105,39.548599
95932,-121.978604,39.266469
95934,-120.902875,40.061086
95935,-121.192259,39.379344
95936,-120.791339,39.605958
95937,-121.999043,38.885247
95938,-121.795288,39.604713
95939,-122.580828,39.571983
95965,-121.581363,39.593945
95941,-121.242678,39.51733
95942,-121.566635,40.01945
95943,-122.032297,39.584807
95944,-120.944288,39.494937
95946,-121.20324,39.215586
95947,-120.819766,40.174567
95948,-121.770785,39.339264
95949,-121.138845,39.099249
95950,-121.918099,39.043447
95951,-122.003909,39.723808
95953,-121.77697,39.258746
95954,-121.583415,39.889504
95955,-122.201715,39.294516
95956,-121.134235,39.838288
95957,-121.827155,39.060921
95959,-120.918728,39.347811
95960,-121.034486,39.403217
95961,-121.560484,39.040304
95962,-121.264443,39.344855
95966,-121.415927,39.473896
95969,-121.64618,39.716846
95968,-121.551925,39.435211
95970,-122.060946,39.398424
95971,-120.885878,39.940174
95973,-121.841982,39.891624
95974,-121.838454,39.480221
95975,-121.15162,39.224412
95977,-121.291692,39.176595
95978,-121.536315,39.875599
95979,-122.511118,39.30204
95981,-121.000123,39.687069
95982,-121.805845,39.172777
95983,-120.707315,40.077912
95984,-121.122652,40.040955
95986,-120.770868,39.342544
95987,-122.286034,39.097947
95988,-122.26208,39.491654
95991,-121.598994,39.016059
95993,-121.680114,39.082497
96001,-122.455016,40.600342
96002,-122.318749,40.527834
96003,-122.230678,40.751937
96006,-120.840356,41.13614
96007,-122.277995,40.457991
96008,-122.120397,40.705001
96009,-121.020802,41.05604
96010,-123.307474,40.913802
96011,-121.984492,41.051216
96013,-121.690281,40.975253
96014,-122.773678,41.326624
96015,-120.913975,41.486953
96016,-121.505962,40.894419
96017,-122.233836,41.080356
96019,-122.377904,40.679219
96020,-121.298528,40.397997
96021,-122.270806,39.923446
96022,-122.448533,40.336392
96023,-121.906809,41.928894
96024,-122.876964,40.543165
96025,-122.307935,41.209942
96027,-123.069287,41.400028
96028,-121.480741,41.006417
96029,-122.4892,39.94026
96031,-123.181796,41.186066
96032,-122.963514,41.60901
96033,-122.584149,40.781633
96034,-122.609441,41.428284
96035,-122.184859,40.045637
96037,-122.934665,41.544675
96038,-122.545715,41.6071
96039,-123.483269,41.687905
96040,-121.438607,40.793535
96041,-123.193917,40.525724
96044,-122.510081,41.93095
96046,-123.432743,40.586442
96047,-122.661233,40.469818
96048,-123.022859,40.829014
96049,-123.328564,41.762515
96050,-122.888552,41.89888
96051,-122.383578,40.932935
96052,-122.821085,40.738391
96054,-121.036859,41.240175
96055,-122.074735,40.103236
96056,-121.308316,41.028176
96057,-121.931033,41.268701
96058,-121.906179,41.728474
96059,-121.833052,40.421637
96061,-121.47907,40.338068
96062,-122.041447,40.580181
96063,-121.60634,40.370532
96064,-122.365378,41.756114
96065,-121.876104,40.892563
96067,-122.376724,41.307705
96068,-121.207564,41.118402
96069,-122.016069,40.685336
96071,-121.462699,40.662919
96073,-122.185739,40.603908
96074,-122.587615,39.884401
96075,-121.852205,40.343242
96076,-122.937679,40.391935
96080,-122.394899,40.171603
96084,-121.969953,40.845006
96085,-123.07557,41.737962
96086,-123.260788,41.924174
96087,-122.643648,40.619996
96088,-121.884623,40.511966
96090,-122.127672,40.021577
96091,-122.791321,41.034706
96092,-122.017242,39.96332
96093,-122.941428,40.765478
96094,-122.469367,41.456579
96096,-121.823333,40.652845
96097,-122.656617,41.755217
96101,-120.53846,41.452711
96103,-120.665982,39.80559
96104,-120.143106,41.506276
96105,-120.055178,39.753663
96106,-120.543744,39.736644
96107,-119.475741,38.42528
96108,-120.431114,41.770135
96109,-120.099183,40.019715
96110,-120.078493,41.299897
96111,-120.035318,39.468311
96112,-120.104998,41.858844
96113,-120.159007,40.142933
96114,-120.499838,40.296745
96115,-120.134337,41.70183
96116,-120.372571,41.255254
96117,-120.235306,40.533534
96118,-120.247144,39.639597
96119,-120.524014,41.022672
96120,-119.86763,38.743387
96121,-120.373766,40.167924
96122,-120.476967,39.825506
96123,-120.39628,40.728194
96124,-120.445265,39.641871
96125,-120.635732,39.602124
96126,-120.454168,39.529719
96130,-120.675673,40.551757
96128,-120.408154,40.358768
96129,-120.357278,39.78927
96132,-120.402292,40.914835
96133,-119.505184,38.620964
96134,-121.440546,41.767323
96135,-120.205672,39.808651
96136,-120.081187,40.345949
96137,-121.039461,40.270731
96140,-120.096413,39.232027
96141,-120.177111,39.07755
96142,-120.12963,38.997146
96143,-120.022169,39.254474
96145,-120.183534,39.140222
96146,-120.237787,39.198047
96148,-120.064288,39.248269
96150,-120.008943,38.869943
96155,-120.088361,38.747069
96161,-120.207783,39.313089
